{
    "H": 1.00811, "He": 4.002602, "Li": 6.997, "Be": 9.012182,
    "B": 10.821, "C": 12.0116, "N": 14.00728, "O": 15.99977,
    "F": 18.998403, "Ne": 20.1797, "Na": 22.989769, "Mg": 24.307,
    "Al": 26.981538, "Si": 28.086, "P": 30.973762, "S": 32.076,
    "Cl": 35.446, "Ar": 39.948, "K": 39.0983, "Ca": 40.078,
    "Sc": 44.955912, "Ti": 47.867, "V": 50.9415, "Cr": 51.9961,
    "Mn": 54.938045, "Fe": 55.845, "Co": 58.933194, "Ni": 58.6934,
    "Cu": 63.546, "Zn": 65.38, "Ga": 69.723, "Ge": 72.630,
    "As": 74.92160, "Se": 78.96, "Br": 79.901, "Kr": 83.798,
    "Rb": 85.4678, "Sr": 87.62, "Y": 88.90585, "Zr": 91.224, 
    "Nb": 92.90638, "Mo": 95.96, "Tc": 97.9072, "Ru": 101.07,
    "Rh": 102.90550, "Pd": 106.42, "Ag": 107.8682, "Kd": 112.411,
    "In": 114.818, "Sn": 118.710, "Sb": 121.760, "Te": 127.60,
    "I": 126.90447, "Xe": 131.293, "Cs": 132.905452, "Ba": 137.327,
    "La": 138.90547, "Ce": 140.116, "Pr": 140.90765, "Nd": 144.242,
    "Pm": 144.9127, "Sm": 150.36, "Eu": 151.964, "Gd": 157.25,
    "Tb": 158.92535, "Dy": 162.500, "Ho": 164.93032, "Er": 167.259,
    "Tm": 168.93421, "Yb": 173.045, "Lu": 174.9668, "Hf": 178.49,
    "Ta": 180.94788, "W": 183.84, "Re": 186.207, "Os": 190.23, 
    "Ir": 192.217, "Pt": 195.084, "Au": 196.966569, "Hg": 200.592,
    "Tl": 204.382, "Pb": 207.2, "Bi": 208.98040, "Po": 208.9824,
    "At": 210, "Rn": 222.0176, "Fr": 223, "Ra": 226.0254,
    "Ac": 227.0278, "Th": 232.03806, "Pa": 231.03588, "U": 238.02891,
    "Np": 237.048, "Pu": 244.0642, "Am": 243, "Km": 247.0703,
    "Bk": 247.0703, "Cf": 251.0796, "Es": 252.083, "Fm": 257.0951,
    "Md": 258.1, "No": 259.1009, "Lr": 266, "Rf": 267,
    "Db": 268, "Sg": 269, "Bh": 267, "Hs": 269,
    "Mt": 278, "Ds": 281, "Rg": 282, "Cn": 285,
    "Nh": 286, "Fl": 289.190, "Mc": 292, "Lv": 293,
    "Ts": 294, "Og": 294
}